MetricGamer Competitive SEO Analysis,,,,,
Benchmark,MetricGamer,Game8,AniList,AltarOfGaming,Strategic Insight
Domain Authority Strength,Early-stage,Very high,High,Medium-low,MetricGamer cannot compete on authority yet
Content Model,Editorial gaming content,Massive scaled editorial,Database/community,Evergreen niche editorial,MetricGamer should combine editorial + entity SEO
Backlink Scale,Low,Massive,Massive,Moderate,Need quality relevance over volume initially
Technical SEO,Improving,Moderate,Weak schema,Better schema basics,Technical SEO is MetricGamer’s biggest opportunity
Schema Usage,Opportunity area,Weak,Weak,Basic breadcrumbs,Easy area to outperform everyone
Rich Snippets,Limited currently,Weak,Weak,Moderate,Huge opening for CTR domination
Internal Linking,Likely underdeveloped,Strong,Extremely strong,Moderate,Major growth lever
Brand Search Demand,Low,High,Extremely high,Moderate,Must build branded demand gradually
Topical Authority,Growing,Extremely broad,Anime-centric,Focused gaming niches,MetricGamer should dominate selective gaming clusters
Crawl Efficiency,Unknown/moderate,Strong,Strong,Moderate,Improve crawl architecture early
Keyword Footprint,Small,Massive,Large,Moderate,Focus on strategic keyword depth
User Retention Ecosystem,Weak currently,Medium,Extremely high,Medium,Opportunity for community features later
Featured Snippet Capture,Opportunity,Weak,Weak,Weak,Very high opportunity area
Publishing Frequency,Unknown,Extremely high,Continuous UGC,Moderate consistent,Consistency matters more than volume initially
Entity SEO,Weak currently,Moderate,Strong,Moderate,Huge opportunity if implemented correctly
SERP Optimization,Opportunity,Moderate,Weak,Moderate,MetricGamer can outperform technically
,,,,,
Biggest Opportunities for MetricGamer,,,,,
Opportunity,Why It Matters,Difficulty,Impact,,
Advanced Schema Ecosystem,Competitors are weak here,Medium,Very High,,
FAQ Schema,Easy rich snippets,Low,High,,
Review Schema,Gaming SERP CTR boost,Low,High,,
Article Schema,Better indexing/context,Low,Medium,,
Breadcrumb Schema,Improved crawl hierarchy,Low,Medium,,
Featured Snippet Optimization,Competitors barely optimized,Medium,Very High,,
Semantic Internal Linking,Major topical authority booster,Medium,Very High,,
Gaming Entity Clusters,Strong topical authority signal,Medium,High,,
Long-Tail Gaming Guides,Easier rankings,Low,High,,
Search Intent Optimization,Competitors rely heavily on scale,Medium,High,,
Better UX + Readability,Many competitors cluttered,Low,Medium,,
Faster Site Speed,Competitive edge for smaller site,Medium,High,,
,,,,,
MetricGamer’s Current Weaknesses,,,,,
Weakness,Risk,,,,
Low authority,Harder to rank for broad keywords,,,,
Weak backlink profile,Lower trust signals,,,,
Smaller content library,Lower topical breadth,,,,
Limited internal linking network,Reduced crawl efficiency,,,,
Weak entity graph,Less semantic authority,,,,
Low branded search volume,Lower trust and CTR,,,,
Likely limited crawl budget optimization,Scaling problems later,,,,
No established community ecosystem,Lower retention,,,,
,,,,,
Immediate Fixes That Give MetricGamer an Edge,,,,,
Fix,Why It Works,Priority,,,
Add FAQ Schema,Easy rich snippets competitors miss,Critical,,,
Add Breadcrumb Schema,Better structure + SERP enhancement,Critical,,,
Add Review Schema,Gaming queries benefit heavily,Critical,,,
Create topical content clusters,Stronger semantic authority,Critical,,,
Improve internal linking,Huge SEO multiplier,Critical,,,
Build “best of” + comparison guides,Featured snippet opportunities,High,,,
Add author bios + E-E-A-T signals,Trust advantage,High,,,
Improve page speed/Core Web Vitals,Smaller site advantage,High,,,
Create structured game hub pages,Entity SEO boost,High,,,
Optimize H2/H3 snippet targeting,Win SERP snippets,High,,,
Add table-based content formats,Improves extraction by Google,High,,,
Reduce crawl depth,Better indexing efficiency,Medium,,,
Add related articles widgets,Internal authority flow,Medium,,,